config,id,mpp,diameter,flow_threshold,min_size,dice,iou,precisao,revocacao,massa_rel,instancias,nucleos_gt,instancias_rel,segundos
atual,TCGA-18-5592-01Z-00-DX1,0.252,30.0,0.2,4,0.8512671642671904,0.7410488651385531,0.9192352598627048,0.7926581576442351,0.8623017330325446,384,480,0.8,10.054945468902588
atual,TCGA-21-5784-01Z-00-DX1,0.2527,30.0,0.2,4,0.7987955304019414,0.6649954696465877,0.7951989983867611,0.8024247430694945,1.0090867125051628,279,398,0.7010050251256281,8.533667087554932
atual,TCGA-21-5786-01Z-00-DX1,0.2527,30.0,0.2,4,0.777196407364777,0.63558564273586,0.9046984309897403,0.6811936258797865,0.7529510415250231,319,440,0.725,8.768991231918335
atual,TCGA-38-6178-01Z-00-DX1,0.252,30.0,0.2,4,0.8352663540784284,0.7171307852256136,0.8648444893572191,0.8076444888278214,0.933860941205842,295,424,0.6957547169811321,8.902216672897339
atual,TCGA-49-4488-01Z-00-DX1,0.252,30.0,0.2,4,0.7985287142116687,0.6646257165336443,0.9086533105395244,0.7122119107984681,0.7838103956013514,426,557,0.7648114901256733,9.275561809539795
atual,TCGA-50-5931-01Z-00-DX1,0.2468,30.0,0.2,4,0.7203267609192148,0.5628989799275945,0.8906885150790161,0.6046714200591665,0.6788808992395245,292,444,0.6576576576576577,9.726320743560791
atual,TCGA-A7-A13E-01Z-00-DX1,0.2456,30.0,0.2,4,0.8121735976032819,0.6837477227013403,0.8112450802773279,0.8131042428492202,1.0022917397184792,327,314,1.0414012738853504,9.676326751708984
atual,TCGA-A7-A13F-01Z-00-DX1,0.2456,30.0,0.2,4,0.820829377383401,0.6961073839865237,0.8465627399184864,0.7966143202619893,0.940998561239171,273,356,0.7668539325842697,9.748989582061768
atual,TCGA-AR-A1AK-01Z-00-DX1,0.2468,30.0,0.2,4,0.7777028260334538,0.6362632939006854,0.8713285635532171,0.7022453659468421,0.8059478310720428,382,433,0.8822170900692841,10.225384950637817
atual,TCGA-AR-A1AS-01Z-00-DX1,0.2468,30.0,0.2,4,0.8431130676425774,0.7287774146817798,0.8801704004491573,0.8090500749871602,0.9191970947606207,391,405,0.9654320987654321,10.956548690795898
atual,TCGA-AY-A8YK-01A-01-TS1,,30.0,0.2,4,0.7620789076739213,0.6156118612067265,0.7893008836595881,0.7366720332933088,0.9333221950515652,298,363,0.8209366391184573,11.382968187332153
atual,TCGA-B0-5698-01Z-00-DX1,0.252,30.0,0.2,4,0.7171483244703801,0.5590266888604316,0.8646120936247463,0.6126567553514394,0.7085914710988517,243,357,0.680672268907563,10.99726128578186
atual,TCGA-B0-5710-01Z-00-DX1,0.252,30.0,0.2,4,0.8031811474929125,0.671096670820663,0.9252245839672911,0.7095823882085415,0.7669298897851233,269,359,0.7493036211699164,10.361457586288452
atual,TCGA-B0-5711-01Z-00-DX1,0.252,30.0,0.2,4,0.7929732854162602,0.6569641548403744,0.860069561804152,0.735588131072872,0.8552658572520935,204,342,0.5964912280701754,10.02482795715332
atual,TCGA-BC-A217-01Z-00-DX1,0.2472,30.0,0.2,4,0.8743308190945195,0.7767209353561708,0.9025813514133604,0.8477950810156157,0.9393004627095876,665,757,0.8784676354029062,10.355400323867798
atual,TCGA-CH-5767-01Z-00-DX1,0.252,30.0,0.2,4,0.8345787579167757,0.7161176815560201,0.8788105962011958,0.7945860649736843,0.9041607695769821,257,294,0.8741496598639455,10.154549360275269
atual,TCGA-DK-A2I6-01A-01-TS1,0.2485,30.0,0.2,4,0.8855244725559094,0.7945660992545509,0.9272769299840006,0.8473699817610562,0.9138262307201729,267,342,0.7807017543859649,10.566304206848145
atual,TCGA-E2-A14V-01Z-00-DX1,0.2468,30.0,0.2,4,0.8447494030103022,0.7312261125088476,0.8855775493114483,0.8075199770932436,0.911856875460653,284,378,0.7513227513227513,10.756709098815918
atual,TCGA-E2-A1B5-01Z-00-DX1,0.2468,30.0,0.2,4,0.7787887482991577,0.6377182876545721,0.8329670329669505,0.7312278384202938,0.877859278314677,223,328,0.6798780487804879,10.601338863372803
atual,TCGA-F9-A8NY-01Z-00-DX1,0.2525,30.0,0.2,4,0.821378924260424,0.6968982153530682,0.8614753314267146,0.7848490039277676,0.9110522092698276,1260,1361,0.925789860396767,11.060266017913818
atual,TCGA-FG-A87N-01Z-00-DX1,0.2527,30.0,0.2,4,0.844634004696438,0.7310531971079156,0.8451995435154844,0.8440692221964865,0.9986626574426478,709,742,0.9555256064690026,10.66761040687561
atual,TCGA-G2-A2EK-01A-02-TSB,0.248,30.0,0.2,4,0.8033458123863171,0.671326621092026,0.8551817742919088,0.757434689300118,0.8857002242912236,257,401,0.6408977556109726,10.418172836303711
atual,TCGA-G9-6336-01Z-00-DX1,0.252,30.0,0.2,4,0.8096264869989943,0.6801449109514168,0.9272002496037979,0.7185150779587024,0.7749297719297688,342,448,0.7633928571428571,10.448955535888672
atual,TCGA-G9-6348-01Z-00-DX1,0.252,30.0,0.2,4,0.812361583159719,0.6840142350068228,0.9004247200432072,0.7399893139452643,0.8218225216092999,291,390,0.7461538461538462,10.587792158126831
atual,TCGA-G9-6356-01Z-00-DX1,0.252,30.0,0.2,4,0.832255645010046,0.7127036336794844,0.925759461732486,0.755907285423069,0.8165266645057438,355,442,0.8031674208144797,10.587587356567383
atual,TCGA-G9-6362-01Z-00-DX1,0.252,30.0,0.2,4,0.8191702813184081,0.6937243095753212,0.8440353593624316,0.7957283170846776,0.9427665657108891,435,472,0.9216101694915254,10.574910163879395
atual,TCGA-G9-6363-01Z-00-DX1,0.252,30.0,0.2,4,0.835853243201383,0.7179964539006789,0.9142606797864357,0.7698320735074109,0.8420268863440908,262,354,0.7401129943502824,10.5061616897583
atual,TCGA-HE-7128-01Z-00-DX1,0.5005,30.0,0.2,4,0.7762635109155012,0.6343387795000206,0.8669444621158188,0.7027563623236381,0.8106128974035015,824,1073,0.7679403541472507,10.663590669631958
atual,TCGA-HE-7129-01Z-00-DX1,0.5005,30.0,0.2,4,0.7826936164797189,0.6429717506420016,0.8542192538556712,0.7222205203610299,0.845474410815668,1222,1584,0.7714646464646465,10.839990139007568
atual,TCGA-HE-7130-01Z-00-DX1,0.5005,30.0,0.2,4,0.8101884184893114,0.6809384200653229,0.8822104551599464,0.7490383104326834,0.8490471928230287,1312,1862,0.7046186895810956,10.988505125045776
atual,TCGA-KB-A93J-01A-01-TS1,,30.0,0.2,4,0.8822280010453735,0.7892736639229281,0.9390207167885615,0.8319132307809384,0.8859370362201037,1232,1391,0.8856937455068297,11.218672275543213
atual,TCGA-MH-A561-01Z-00-DX1,0.2527,30.0,0.2,4,0.8278568531257112,0.7062762388137719,0.881676349491887,0.7802298763777077,0.8849391013236928,628,720,0.8722222222222222,10.861961841583252
atual,TCGA-NH-A8F7-01A-01-TS1,,30.0,0.2,4,0.8034413072766373,0.6714600062350541,0.850005747346609,0.7617136264686837,0.8961276189560572,309,363,0.8512396694214877,10.886906862258911
atual,TCGA-RD-A8N9-01A-01-TS1,,30.0,0.2,4,0.8752621388559846,0.7781921184423548,0.9318413875095835,0.825160317445547,0.8855158490554353,1035,1165,0.8884120171673819,10.86210298538208
atual,TCGA-UZ-A9PJ-01Z-00-DX1,0.2527,30.0,0.2,4,0.8039184247977603,0.672126752443143,0.866441561301425,0.7498114156399097,0.8653917922792901,937,1078,0.8692022263450835,10.845504999160767
atual,TCGA-UZ-A9PN-01Z-00-DX1,0.2525,30.0,0.2,4,0.8254721066804067,0.7028118373139333,0.9289882636328181,0.7427124608606243,0.799485300229987,963,1207,0.7978458989229494,10.767747163772583
atual,TCGA-XS-A8TJ-01Z-00-DX1,0.2525,30.0,0.2,4,0.8227785991027601,0.6989157676505584,0.8845326500972486,0.7690846060374792,0.8694813085225512,1080,1309,0.825057295645531,10.864556789398193
padrao,TCGA-18-5592-01Z-00-DX1,0.252,,0.4,15,0.8832037033445069,0.7908368840311043,0.9154082031982685,0.8531881353349059,0.932030248750253,440,480,0.9166666666666666,10.849868059158325
padrao,TCGA-21-5784-01Z-00-DX1,0.2527,,0.4,15,0.8141304886368089,0.6865261994137472,0.7689156695894511,0.8649951003020105,1.1249544449573605,333,398,0.8366834170854272,10.71147871017456
padrao,TCGA-21-5786-01Z-00-DX1,0.2527,,0.4,15,0.8124876206106079,0.6841929690268841,0.8952810407588647,0.7437110277977187,0.8307011920718481,373,440,0.8477272727272728,10.818798303604126
padrao,TCGA-38-6178-01Z-00-DX1,0.252,,0.4,15,0.8529596091687223,0.7436177627106657,0.843099285418099,0.8630533017101054,1.0236674572462863,347,424,0.8183962264150944,10.654268026351929
padrao,TCGA-49-4488-01Z-00-DX1,0.252,,0.4,15,0.8516156084420647,0.7415771362816378,0.901131405753131,0.8072580110929531,0.8958271856236939,512,557,0.9192100538599641,10.833039045333862
padrao,TCGA-50-5931-01Z-00-DX1,0.2468,,0.4,15,0.7998333525830239,0.6664352440591831,0.8781369257523526,0.7343511720209476,0.836260440126443,373,444,0.8400900900900901,10.808475971221924
padrao,TCGA-A7-A13E-01Z-00-DX1,0.2456,,0.4,15,0.8313615601987917,0.7113933034242915,0.7888574094685156,0.8787068576866653,1.1138982116916296,386,314,1.2292993630573248,10.661116600036621
padrao,TCGA-A7-A13F-01Z-00-DX1,0.2456,,0.4,15,0.8541173915141895,0.7453794875574867,0.8419205766725443,0.8666727890531198,1.0293997000030612,305,356,0.8567415730337079,10.577616691589355
padrao,TCGA-AR-A1AK-01Z-00-DX1,0.2468,,0.4,15,0.8123255346922178,0.6839631215626969,0.8558982225983466,0.77297439327342,0.9031148480794955,446,433,1.0300230946882216,10.774728775024414
padrao,TCGA-AR-A1AS-01Z-00-DX1,0.2468,,0.4,15,0.8625580882408701,0.758331550229995,0.8772940880697411,0.8483089547047132,0.9669607560803204,418,405,1.0320987654320988,10.846493005752563
padrao,TCGA-AY-A8YK-01A-01-TS1,,,0.4,15,0.8071892655112387,0.6767119394320341,0.7686070750326839,0.8498496331960976,1.1057010282659214,366,363,1.0082644628099173,10.789004564285278
padrao,TCGA-B0-5698-01Z-00-DX1,0.252,,0.4,15,0.7679866091847383,0.623358978814782,0.857400506296014,0.695460594150089,0.8111268759969332,294,357,0.8235294117647058,10.440081357955933
padrao,TCGA-B0-5710-01Z-00-DX1,0.252,,0.4,15,0.8294378904254727,0.7085808464507317,0.9176482673605308,0.7566990126779338,0.824606812427645,300,359,0.8356545961002786,10.412054061889648
padrao,TCGA-B0-5711-01Z-00-DX1,0.252,,0.4,15,0.8250749993999652,0.7022363120868131,0.85013402969417,0.8014509781979521,0.9427348514519107,242,342,0.7076023391812866,10.42967414855957
padrao,TCGA-BC-A217-01Z-00-DX1,0.2472,,0.4,15,0.8930186958567891,0.806715246693325,0.9025007127553315,0.8837338507719874,0.9792057095156752,706,757,0.9326287978863936,11.014132261276245
padrao,TCGA-CH-5767-01Z-00-DX1,0.252,,0.4,15,0.8446630120190839,0.7310966590754006,0.8450366350067383,0.8442897192713721,0.9991161143737155,306,294,1.0408163265306123,10.670430183410645
padrao,TCGA-DK-A2I6-01A-01-TS1,0.2485,,0.4,15,0.9066891934425779,0.8293059832615469,0.9065106344964995,0.9068678227453861,1.0003940254369823,329,342,0.9619883040935673,10.637651443481445
padrao,TCGA-E2-A14V-01Z-00-DX1,0.2468,,0.4,15,0.8726112769992871,0.7740110036551565,0.8831333152320997,0.86233701502188,0.9764516864537545,313,378,0.828042328042328,10.561631202697754
padrao,TCGA-E2-A1B5-01Z-00-DX1,0.2468,,0.4,15,0.8182996474371372,0.6924764350475272,0.833298797243044,0.8038309114926646,0.9646370715427935,256,328,0.7804878048780488,10.455406427383423
padrao,TCGA-F9-A8NY-01Z-00-DX1,0.2525,,0.4,15,0.8434204003292742,0.7292367949161416,0.8510417622762475,0.8359343304573357,0.9822483073233621,1377,1361,1.011756061719324,10.99328088760376
padrao,TCGA-FG-A87N-01Z-00-DX1,0.2527,,0.4,15,0.8508311866416919,0.7403883369887491,0.8335619699329085,0.8688310869062023,1.0423113316651598,764,742,1.0296495956873315,10.734185218811035
padrao,TCGA-G2-A2EK-01A-02-TSB,0.248,,0.4,15,0.8568657314628915,0.7495757541757885,0.8513786896474146,0.8624239588207072,1.0129733916382941,322,401,0.8029925187032418,10.707173109054565
padrao,TCGA-G9-6336-01Z-00-DX1,0.252,,0.4,15,0.8531742376951453,0.7439440809042015,0.9196010015405149,0.7956975564130779,0.8652639080211114,401,448,0.8950892857142857,10.67558217048645
padrao,TCGA-G9-6348-01Z-00-DX1,0.252,,0.4,15,0.8449201217789553,0.7314819846747128,0.887126450670294,0.8065474555704402,0.9091685350617444,342,390,0.8769230769230769,10.55963921546936
padrao,TCGA-G9-6356-01Z-00-DX1,0.252,,0.4,15,0.8522589965464118,0.7425534105533723,0.9218444430241629,0.7924415314715998,0.8596260870998401,388,442,0.8778280542986425,10.518311977386475
padrao,TCGA-G9-6362-01Z-00-DX1,0.252,,0.4,15,0.8366585504718126,0.7191857135419129,0.835477796639523,0.8378426464700858,1.0028305358204308,478,472,1.0127118644067796,10.6163809299469
padrao,TCGA-G9-6363-01Z-00-DX1,0.252,,0.4,15,0.8564368364603457,0.7489195732830615,0.8957147375078621,0.8204589689041406,0.9159824378762504,302,354,0.8531073446327684,10.554826736450195
padrao,TCGA-HE-7128-01Z-00-DX1,0.5005,,0.4,15,0.8183660054207982,0.6925714808266252,0.8593473718050948,0.7811154371760152,0.9089635493214381,1000,1073,0.9319664492078286,10.859883308410645
padrao,TCGA-HE-7129-01Z-00-DX1,0.5005,,0.4,15,0.8278449223857799,0.706258871540068,0.8433433088799573,0.8129058938855117,0.963908630478291,1453,1584,0.9172979797979798,11.093426704406738
padrao,TCGA-HE-7130-01Z-00-DX1,0.5005,,0.4,15,0.8627655122080989,0.7586522581488696,0.8736532776664445,0.8521457805229387,0.9753821135989396,1607,1862,0.8630504833512352,10.964212656021118
padrao,TCGA-KB-A93J-01A-01-TS1,,,0.4,15,0.9081035247389859,0.8316754796025025,0.9306984469110903,0.8865796904911434,0.9525960781750797,1372,1391,0.9863407620416966,10.873608589172363
padrao,TCGA-MH-A561-01Z-00-DX1,0.2527,,0.4,15,0.8508284470469027,0.7403841879486802,0.86355682296896,0.8384698401311158,0.9709492390418566,713,720,0.9902777777777778,10.706386804580688
padrao,TCGA-NH-A8F7-01A-01-TS1,,,0.4,15,0.8220381282495525,0.6978478234002654,0.8299260213187092,0.8142987618543749,0.9811702982399516,360,363,0.9917355371900827,10.897864818572998
padrao,TCGA-RD-A8N9-01A-01-TS1,,,0.4,15,0.9043354668645089,0.8253762347098607,0.9144396538078939,0.8944521339018093,0.9781423303081254,1189,1165,1.0206008583690986,10.93481159210205
padrao,TCGA-UZ-A9PJ-01Z-00-DX1,0.2527,,0.4,15,0.8458192466675719,0.7328308362667336,0.853105412798564,0.8386564853168657,0.9830631393671506,1096,1078,1.0166975881261595,11.0438232421875
padrao,TCGA-UZ-A9PN-01Z-00-DX1,0.2525,,0.4,15,0.8449916207624572,0.731589169353267,0.9233235888255299,0.7789111640665861,0.8435950012469173,1047,1207,0.8674399337199669,11.004340887069702
padrao,TCGA-XS-A8TJ-01Z-00-DX1,0.2525,,0.4,15,0.8465280262557088,0.7338956173402201,0.8778628640155305,0.8173530532986819,0.9310714540992591,1191,1309,0.9098548510313216,10.920270919799805
d22,TCGA-18-5592-01Z-00-DX1,0.252,22.0,0.2,4,0.8457425809733649,0.7327157417680403,0.9253808884824748,0.7787254453746049,0.8415188330198036,389,480,0.8104166666666667,20.755016803741455
d22,TCGA-21-5784-01Z-00-DX1,0.2527,22.0,0.2,4,0.7914155880686344,0.6548285583163538,0.7746676594225903,0.8089036824671146,1.0441944653660196,283,398,0.7110552763819096,20.38265085220337
d22,TCGA-21-5786-01Z-00-DX1,0.2527,22.0,0.2,4,0.7916976564436716,0.6552148646120411,0.9059467487713123,0.703037484540599,0.7760251753142058,333,440,0.7568181818181818,20.459733486175537
d22,TCGA-38-6178-01Z-00-DX1,0.252,22.0,0.2,4,0.8330104393899889,0.7138113891563487,0.8486140393590625,0.8179702908500402,0.9638896517288728,305,424,0.7193396226415094,20.443620443344116
d22,TCGA-49-4488-01Z-00-DX1,0.252,22.0,0.2,4,0.8006530074790048,0.6675741153075756,0.9052666760350134,0.7177132326815039,0.7928196758827107,424,557,0.7612208258527827,20.78599214553833
d22,TCGA-50-5931-01Z-00-DX1,0.2468,22.0,0.2,4,0.7150659847666263,0.5565001597663782,0.8795243343666621,0.602421806356469,0.6849404647686761,302,444,0.6801801801801802,20.678136587142944
d22,TCGA-A7-A13E-01Z-00-DX1,0.2456,22.0,0.2,4,0.8107305726440543,0.6817047121496419,0.7929603774262214,0.8293154836446908,1.0458473175374443,333,314,1.0605095541401275,20.51671838760376
d22,TCGA-A7-A13F-01Z-00-DX1,0.2456,22.0,0.2,4,0.8203443679250548,0.6954100379973748,0.8250253882544754,0.8157161661615198,0.9887164416689626,278,356,0.7808988764044944,20.61485528945923
d22,TCGA-AR-A1AK-01Z-00-DX1,0.2468,22.0,0.2,4,0.7857280536786679,0.6470774986271002,0.863867028649274,0.7205522644754099,0.8341008981463788,387,433,0.8937644341801386,20.439918756484985
d22,TCGA-AR-A1AS-01Z-00-DX1,0.2468,22.0,0.2,4,0.8425209744068728,0.727893081237597,0.8687516388166802,0.8178278772827777,0.9413828311123911,394,405,0.9728395061728395,20.6739764213562
d22,TCGA-AY-A8YK-01A-01-TS1,,22.0,0.2,4,0.7512628861897902,0.6016181291332799,0.7846887973667781,0.7205683561414693,0.9182855146645605,298,363,0.8209366391184573,20.639068365097046
d22,TCGA-B0-5698-01Z-00-DX1,0.252,22.0,0.2,4,0.7289353363814134,0.5734840698869023,0.847855815421199,0.6392710160125634,0.7539855295973491,250,357,0.7002801120448179,20.237895011901855
d22,TCGA-B0-5710-01Z-00-DX1,0.252,22.0,0.2,4,0.8107134227693951,0.6816804614555035,0.9172718736255462,0.7263358024225883,0.7918435344056773,272,359,0.7576601671309192,20.336509466171265
d22,TCGA-B0-5711-01Z-00-DX1,0.252,22.0,0.2,4,0.8019901576938233,0.6694353663655944,0.8509941398073618,0.7583226095226732,0.8911020347264962,212,342,0.6198830409356725,20.222339868545532
d22,TCGA-BC-A217-01Z-00-DX1,0.2472,22.0,0.2,4,0.8772712764905636,0.7813742163364097,0.8968813167773347,0.8585004229065885,0.9572062733911582,664,757,0.8771466314398944,20.64386820793152
d22,TCGA-CH-5767-01Z-00-DX1,0.252,22.0,0.2,4,0.8283243175777214,0.7069569933083143,0.8684673860026368,0.7917283488690714,0.9116385504275729,255,294,0.8673469387755102,20.49412965774536
d22,TCGA-DK-A2I6-01A-01-TS1,0.2485,22.0,0.2,4,0.8800175066977804,0.785742198615165,0.9225033407571972,0.8412727427825978,0.911945470129216,259,342,0.7573099415204678,20.531126022338867
d22,TCGA-E2-A14V-01Z-00-DX1,0.2468,22.0,0.2,4,0.863171020704486,0.759279571883704,0.8790267607801262,0.8478771521440127,0.9645635263612792,298,378,0.7883597883597884,20.43891406059265
d22,TCGA-E2-A1B5-01Z-00-DX1,0.2468,22.0,0.2,4,0.7758125514090913,0.6337367306796718,0.8231353544020338,0.7336351943265719,0.891269206702357,221,328,0.6737804878048781,20.334569692611694
d22,TCGA-F9-A8NY-01Z-00-DX1,0.2525,22.0,0.2,4,0.8208672745376158,0.6961618966310358,0.8582370453919217,0.7866160591662749,0.9165487127243003,1237,1361,0.9088905216752388,20.88017439842224
d22,TCGA-FG-A87N-01Z-00-DX1,0.2527,22.0,0.2,4,0.8435634972453999,0.7294507698745714,0.8369067624731646,0.850326976049757,1.0160354942490064,713,742,0.9609164420485176,20.59097909927368
d22,TCGA-G2-A2EK-01A-02-TSB,0.248,22.0,0.2,4,0.7956889706100584,0.6607005592343734,0.8399272029620111,0.7558775595823378,0.8999322285511432,253,401,0.6309226932668329,20.36022710800171
d22,TCGA-G9-6336-01Z-00-DX1,0.252,22.0,0.2,4,0.8206343671285883,0.6958269295422681,0.9249704718125149,0.7374504108699774,0.7972691381433066,351,448,0.7834821428571429,20.35475444793701
d22,TCGA-G9-6348-01Z-00-DX1,0.252,22.0,0.2,4,0.8077857951522701,0.6775508896536264,0.89025519530493,0.7393002132217087,0.8304362806537469,291,390,0.7461538461538462,20.489248752593994
d22,TCGA-G9-6356-01Z-00-DX1,0.252,22.0,0.2,4,0.8441406366094795,0.7303143127493762,0.9194879863255236,0.7802066794490317,0.8485229726240379,364,442,0.8235294117647058,20.321943044662476
d22,TCGA-G9-6362-01Z-00-DX1,0.252,22.0,0.2,4,0.8254848334161937,0.7028302885327553,0.8464712306181839,0.8055138837781666,0.9516140119610357,433,472,0.9173728813559322,20.454434871673584
d22,TCGA-G9-6363-01Z-00-DX1,0.252,22.0,0.2,4,0.8401968085755591,0.72443050233691,0.9121974496964071,0.7787308197166171,0.8536866880912506,262,354,0.7401129943502824,20.636349201202393
d22,TCGA-HE-7128-01Z-00-DX1,0.5005,22.0,0.2,4,0.7713927633679087,0.6278595309942031,0.8656470588234368,0.6956484370299104,0.8036167049136649,809,1073,0.7539608574091333,20.636261224746704
d22,TCGA-HE-7129-01Z-00-DX1,0.5005,22.0,0.2,4,0.7801547364274896,0.6395522118458554,0.8470141443138155,0.7230782583833311,0.8536790834456561,1201,1584,0.7582070707070707,20.75524401664734
d22,TCGA-HE-7130-01Z-00-DX1,0.5005,22.0,0.2,4,0.8056208440563347,0.6745101336098108,0.8839311217202886,0.7400568472980199,0.8372336136980124,1264,1862,0.6788399570354458,20.827017784118652
d22,TCGA-KB-A93J-01A-01-TS1,,22.0,0.2,4,0.8834133041745371,0.791173052193187,0.9365135532520809,0.83601151331463,0.892684906066275,1247,1391,0.8964773544212796,20.78602433204651
d22,TCGA-MH-A561-01Z-00-DX1,0.2527,22.0,0.2,4,0.8225300400533908,0.6985571335430819,0.8758000831624164,0.7753686800514508,0.8853261091865599,624,720,0.8666666666666667,20.73700976371765
d22,TCGA-NH-A8F7-01A-01-TS1,,22.0,0.2,4,0.8061375079576218,0.6752348057928657,0.8516619154253245,0.7652330364438932,0.8985173841684921,311,363,0.8567493112947658,20.67904782295227
d22,TCGA-RD-A8N9-01A-01-TS1,,22.0,0.2,4,0.8827026807802915,0.7900338303834364,0.9270390360919976,0.8424136019792092,0.9087142711168498,1070,1165,0.9184549356223176,20.74272322654724
d22,TCGA-UZ-A9PJ-01Z-00-DX1,0.2527,22.0,0.2,4,0.800843587430706,0.6678391401125322,0.8626878806119472,0.747273136323313,0.8662149464685097,934,1078,0.8664192949907236,21.057016849517822
d22,TCGA-UZ-A9PN-01Z-00-DX1,0.2525,22.0,0.2,4,0.8318450024704671,0.7121015654854798,0.9258738645387479,0.7551539250186776,0.8156120978691568,959,1207,0.7945318972659486,20.674370288848877
d22,TCGA-XS-A8TJ-01Z-00-DX1,0.2525,22.0,0.2,4,0.8197451562891227,0.6945492837053187,0.8763091001524868,0.7700406232874851,0.8787317433465964,1067,1309,0.8151260504201681,20.792714834213257
por_imagem,TCGA-18-5592-01Z-00-DX1,0.252,22.0,0.2,4,0.8457425809733649,0.7327157417680403,0.9253808884824748,0.7787254453746049,0.8415188330198036,389,480,0.8104166666666667,20.84697675704956
por_imagem,TCGA-21-5784-01Z-00-DX1,0.2527,22.0,0.2,4,0.7914155880686344,0.6548285583163538,0.7746676594225903,0.8089036824671146,1.0441944653660196,283,398,0.7110552763819096,20.39702010154724
por_imagem,TCGA-21-5786-01Z-00-DX1,0.2527,22.0,0.2,4,0.7916976564436716,0.6552148646120411,0.9059467487713123,0.703037484540599,0.7760251753142058,333,440,0.7568181818181818,20.517675638198853
por_imagem,TCGA-38-6178-01Z-00-DX1,0.252,22.0,0.2,4,0.8330104393899889,0.7138113891563487,0.8486140393590625,0.8179702908500402,0.9638896517288728,305,424,0.7193396226415094,20.515504121780396
por_imagem,TCGA-49-4488-01Z-00-DX1,0.252,22.0,0.2,4,0.8006530074790048,0.6675741153075756,0.9052666760350134,0.7177132326815039,0.7928196758827107,424,557,0.7612208258527827,20.67668890953064
por_imagem,TCGA-50-5931-01Z-00-DX1,0.2468,22.0,0.2,4,0.7150659847666263,0.5565001597663782,0.8795243343666621,0.602421806356469,0.6849404647686761,302,444,0.6801801801801802,20.646228790283203
por_imagem,TCGA-A7-A13E-01Z-00-DX1,0.2456,22.0,0.2,4,0.8107305726440543,0.6817047121496419,0.7929603774262214,0.8293154836446908,1.0458473175374443,333,314,1.0605095541401275,20.512263536453247
por_imagem,TCGA-A7-A13F-01Z-00-DX1,0.2456,22.0,0.2,4,0.8203443679250548,0.6954100379973748,0.8250253882544754,0.8157161661615198,0.9887164416689626,278,356,0.7808988764044944,20.441771984100342
por_imagem,TCGA-AR-A1AK-01Z-00-DX1,0.2468,22.0,0.2,4,0.7857280536786679,0.6470774986271002,0.863867028649274,0.7205522644754099,0.8341008981463788,387,433,0.8937644341801386,20.62422251701355
por_imagem,TCGA-AR-A1AS-01Z-00-DX1,0.2468,22.0,0.2,4,0.8425209744068728,0.727893081237597,0.8687516388166802,0.8178278772827777,0.9413828311123911,394,405,0.9728395061728395,20.63902711868286
por_imagem,TCGA-AY-A8YK-01A-01-TS1,,22.0,0.2,4,0.7512628861897902,0.6016181291332799,0.7846887973667781,0.7205683561414693,0.9182855146645605,298,363,0.8209366391184573,20.624835729599
por_imagem,TCGA-B0-5698-01Z-00-DX1,0.252,22.0,0.2,4,0.7289353363814134,0.5734840698869023,0.847855815421199,0.6392710160125634,0.7539855295973491,250,357,0.7002801120448179,20.436036109924316
por_imagem,TCGA-B0-5710-01Z-00-DX1,0.252,22.0,0.2,4,0.8107134227693951,0.6816804614555035,0.9172718736255462,0.7263358024225883,0.7918435344056773,272,359,0.7576601671309192,20.256744146347046
por_imagem,TCGA-B0-5711-01Z-00-DX1,0.252,22.0,0.2,4,0.8019901576938233,0.6694353663655944,0.8509941398073618,0.7583226095226732,0.8911020347264962,212,342,0.6198830409356725,20.39472270011902
por_imagem,TCGA-BC-A217-01Z-00-DX1,0.2472,22.0,0.2,4,0.8772712764905636,0.7813742163364097,0.8968813167773347,0.8585004229065885,0.9572062733911582,664,757,0.8771466314398944,20.627466201782227
por_imagem,TCGA-CH-5767-01Z-00-DX1,0.252,22.0,0.2,4,0.8283243175777214,0.7069569933083143,0.8684673860026368,0.7917283488690714,0.9116385504275729,255,294,0.8673469387755102,20.29722499847412
por_imagem,TCGA-DK-A2I6-01A-01-TS1,0.2485,22.0,0.2,4,0.8800175066977804,0.785742198615165,0.9225033407571972,0.8412727427825978,0.911945470129216,259,342,0.7573099415204678,20.663265466690063
por_imagem,TCGA-E2-A14V-01Z-00-DX1,0.2468,22.0,0.2,4,0.863171020704486,0.759279571883704,0.8790267607801262,0.8478771521440127,0.9645635263612792,298,378,0.7883597883597884,20.42885732650757
por_imagem,TCGA-E2-A1B5-01Z-00-DX1,0.2468,22.0,0.2,4,0.7758125514090913,0.6337367306796718,0.8231353544020338,0.7336351943265719,0.891269206702357,221,328,0.6737804878048781,20.219548225402832
por_imagem,TCGA-F9-A8NY-01Z-00-DX1,0.2525,22.0,0.2,4,0.8208672745376158,0.6961618966310358,0.8582370453919217,0.7866160591662749,0.9165487127243003,1237,1361,0.9088905216752388,20.75786018371582
por_imagem,TCGA-FG-A87N-01Z-00-DX1,0.2527,22.0,0.2,4,0.8435634972453999,0.7294507698745714,0.8369067624731646,0.850326976049757,1.0160354942490064,713,742,0.9609164420485176,20.430229425430298
por_imagem,TCGA-G2-A2EK-01A-02-TSB,0.248,22.0,0.2,4,0.7956889706100584,0.6607005592343734,0.8399272029620111,0.7558775595823378,0.8999322285511432,253,401,0.6309226932668329,20.428707361221313
por_imagem,TCGA-G9-6336-01Z-00-DX1,0.252,22.0,0.2,4,0.8206343671285883,0.6958269295422681,0.9249704718125149,0.7374504108699774,0.7972691381433066,351,448,0.7834821428571429,20.431053161621094
por_imagem,TCGA-G9-6348-01Z-00-DX1,0.252,22.0,0.2,4,0.8077857951522701,0.6775508896536264,0.89025519530493,0.7393002132217087,0.8304362806537469,291,390,0.7461538461538462,20.330532789230347
por_imagem,TCGA-G9-6356-01Z-00-DX1,0.252,22.0,0.2,4,0.8441406366094795,0.7303143127493762,0.9194879863255236,0.7802066794490317,0.8485229726240379,364,442,0.8235294117647058,20.320425510406494
por_imagem,TCGA-G9-6362-01Z-00-DX1,0.252,22.0,0.2,4,0.8254848334161937,0.7028302885327553,0.8464712306181839,0.8055138837781666,0.9516140119610357,433,472,0.9173728813559322,20.446765661239624
por_imagem,TCGA-G9-6363-01Z-00-DX1,0.252,22.0,0.2,4,0.8401968085755591,0.72443050233691,0.9121974496964071,0.7787308197166171,0.8536866880912506,262,354,0.7401129943502824,20.552408456802368
por_imagem,TCGA-HE-7128-01Z-00-DX1,0.5005,12.0,0.2,4,0.7838159056960287,0.6444878775894621,0.8484002082331363,0.7283689589080501,0.858520485779852,849,1073,0.7912395153774464,59.42460036277771
por_imagem,TCGA-HE-7129-01Z-00-DX1,0.5005,12.0,0.2,4,0.7964261706778526,0.6617177536390931,0.8267745090497034,0.768226932973861,0.9291855573254911,1273,1584,0.8036616161616161,59.37190842628479
por_imagem,TCGA-HE-7130-01Z-00-DX1,0.5005,12.0,0.2,4,0.8145948161982268,0.6871868179162997,0.8728051508915715,0.7636635077242372,0.8749530258204254,1302,1862,0.6992481203007519,59.857527017593384
por_imagem,TCGA-KB-A93J-01A-01-TS1,,22.0,0.2,4,0.8834133041745371,0.791173052193187,0.9365135532520809,0.83601151331463,0.892684906066275,1247,1391,0.8964773544212796,20.75259041786194
por_imagem,TCGA-MH-A561-01Z-00-DX1,0.2527,22.0,0.2,4,0.8225300400533908,0.6985571335430819,0.8758000831624164,0.7753686800514508,0.8853261091865599,624,720,0.8666666666666667,20.566138744354248
por_imagem,TCGA-NH-A8F7-01A-01-TS1,,22.0,0.2,4,0.8061375079576218,0.6752348057928657,0.8516619154253245,0.7652330364438932,0.8985173841684921,311,363,0.8567493112947658,20.90401291847229
por_imagem,TCGA-RD-A8N9-01A-01-TS1,,22.0,0.2,4,0.8827026807802915,0.7900338303834364,0.9270390360919976,0.8424136019792092,0.9087142711168498,1070,1165,0.9184549356223176,20.803884267807007
por_imagem,TCGA-UZ-A9PJ-01Z-00-DX1,0.2527,22.0,0.2,4,0.800843587430706,0.6678391401125322,0.8626878806119472,0.747273136323313,0.8662149464685097,934,1078,0.8664192949907236,20.743229866027832
por_imagem,TCGA-UZ-A9PN-01Z-00-DX1,0.2525,22.0,0.2,4,0.8318450024704671,0.7121015654854798,0.9258738645387479,0.7551539250186776,0.8156120978691568,959,1207,0.7945318972659486,20.86781620979309
por_imagem,TCGA-XS-A8TJ-01Z-00-DX1,0.2525,22.0,0.2,4,0.8197451562891227,0.6945492837053187,0.8763091001524868,0.7700406232874851,0.8787317433465964,1067,1309,0.8151260504201681,20.72145104408264
